{
  "timestamp": "2025-09-25 11:12:02",
  "test_results": {
    "single_request": {
      "avg_response_time": 0.0027624845504760744,
      "min_response_time": 0.0016608238220214844,
      "max_response_time": 0.007188081741333008,
      "p95_response_time": 0.007188081741333008,
      "throughput": 361.9929747037552,
      "success_rate": 100.0,
      "performance_score": 99.9079171816508,
      "memory_usage": {
        "avg": 0,
        "max": 0
      },
      "cpu_usage": {
        "avg": 0,
        "max": 0
      }
    },
    "concurrent_1": {
      "avg_response_time": 0.0018160343170166016,
      "min_response_time": 0.0015549659729003906,
      "max_response_time": 0.0020771026611328125,
      "p95_response_time": 0.0020771026611328125,
      "throughput": 529.7845143362384,
      "success_rate": 100.0,
      "performance_score": 99.93946552276611,
      "memory_usage": {
        "avg": 36.953125,
        "max": 36.953125
      },
      "cpu_usage": {
        "avg": 0.0,
        "max": 0.0
      }
    },
    "concurrent_5": {
      "avg_response_time": 0.004310345649719239,
      "min_response_time": 0.0022389888763427734,
      "max_response_time": 0.0055141448974609375,
      "p95_response_time": 0.0055141448974609375,
      "throughput": 905.6429080387796,
      "success_rate": 100.0,
      "performance_score": 99.85632181167603,
      "memory_usage": {
        "avg": 36.984375,
        "max": 36.984375
      },
      "cpu_usage": {
        "avg": 0.0,
        "max": 0.0
      }
    },
    "concurrent_10": {
      "avg_response_time": 0.01575181484222412,
      "min_response_time": 0.010042905807495117,
      "max_response_time": 0.02739095687866211,
      "p95_response_time": 0.02739095687866211,
      "throughput": 467.93411019194616,
      "success_rate": 100.0,
      "performance_score": 99.4749395052592,
      "memory_usage": {
        "avg": 37.015625,
        "max": 37.015625
      },
      "cpu_usage": {
        "avg": 0.0,
        "max": 0.0
      }
    },
    "concurrent_20": {
      "avg_response_time": 0.021157866716384886,
      "min_response_time": 0.0044438838958740234,
      "max_response_time": 0.036643266677856445,
      "p95_response_time": 0.036454200744628906,
      "throughput": 826.5982154734513,
      "success_rate": 100.0,
      "performance_score": 99.2947377761205,
      "memory_usage": {
        "avg": 30.0,
        "max": 30.0
      },
      "cpu_usage": {
        "avg": 0.0,
        "max": 0.0
      }
    },
    "stress_test": {
      "avg_response_time": 0.0067656296706849715,
      "min_response_time": 0.0016810894012451172,
      "max_response_time": 0.07885503768920898,
      "p95_response_time": 0.01381993293762207,
      "throughput": 45.1583225488985,
      "success_rate": 100.0,
      "performance_score": 99.77447901097717,
      "memory_usage": {
        "avg": 22.73984375,
        "max": 30.359375
      },
      "cpu_usage": {
        "avg": 0.0,
        "max": 0.0
      }
    }
  },
  "summary": {
    "overall_score": 99.7079768014083,
    "grade": "优秀",
    "total_tests": 6
  }
}